{"cameraMode":{"drawMode":0,"name":"Shaded","section":"Shading Mode"},"sceneLighting":false,"audioPlay":false,"sceneViewState":{"m_AlwaysRefresh":false,"showFog":true,"showSkybox":false,"showFlares":true,"showImageEffects":true,"showParticleSystems":true,"showVisualEffectGraphs":true,"m_FxEnabled":true},"in2DMode":false,"pivot":{"x":-0.631439208984375,"y":2.9739809036254885,"z":-0.7802591323852539},"rotation":{"x":0.08084219694137573,"y":-0.04155566915869713,"z":0.0033718361519277097,"w":0.9958601593971252},"size":15.879461288452149,"orthographic":true}