{"cameraMode":{"drawMode":0,"name":"Shaded","section":"Shading Mode"},"sceneLighting":true,"audioPlay":false,"sceneViewState":{"m_AlwaysRefresh":false,"showFog":true,"showSkybox":false,"showFlares":true,"showImageEffects":true,"showParticleSystems":true,"showVisualEffectGraphs":true,"m_FxEnabled":true},"in2DMode":false,"pivot":{"x":0.1500108540058136,"y":0.07438504695892334,"z":0.6524093151092529},"rotation":{"x":0.00775557616725564,"y":0.9921324253082275,"z":-0.09553833305835724,"w":0.08053897321224213},"size":1.2367538213729859,"orthographic":false}