{"cameraMode":{"drawMode":0,"name":"Shaded","section":"Shading Mode"},"sceneLighting":false,"audioPlay":false,"sceneViewState":{"m_AlwaysRefresh":false,"showFog":true,"showSkybox":false,"showFlares":true,"showImageEffects":true,"showParticleSystems":true,"showVisualEffectGraphs":true,"m_FxEnabled":true},"in2DMode":false,"pivot":{"x":-2.5815348625183107,"y":-0.2819439768791199,"z":1.4199999570846558},"rotation":{"x":0.09370321780443192,"y":-0.11740465462207794,"z":0.011119506321847439,"w":0.9885992407798767},"size":0.5367743968963623,"orthographic":true}